-- --------------------------------------------------------
-- Host:                         127.0.0.1
-- Server version:               10.3.12-MariaDB - mariadb.org binary distribution
-- Server OS:                    Win64
-- HeidiSQL Version:             10.1.0.5464
-- --------------------------------------------------------

/*!40101 SET @OLD_CHARACTER_SET_CLIENT=@@CHARACTER_SET_CLIENT */;
/*!40101 SET NAMES utf8 */;
/*!50503 SET NAMES utf8mb4 */;
/*!40014 SET @OLD_FOREIGN_KEY_CHECKS=@@FOREIGN_KEY_CHECKS, FOREIGN_KEY_CHECKS=0 */;
/*!40101 SET @OLD_SQL_MODE=@@SQL_MODE, SQL_MODE='NO_AUTO_VALUE_ON_ZERO' */;


-- Dumping database structure for sec_officer
DROP DATABASE IF EXISTS `sec_officer`;
CREATE DATABASE IF NOT EXISTS `sec_officer` /*!40100 DEFAULT CHARACTER SET utf8 */;
USE `sec_officer`;

-- Dumping structure for table sec_officer.casbin_rule
DROP TABLE IF EXISTS `casbin_rule`;
CREATE TABLE IF NOT EXISTS `casbin_rule` (
  `p_type` varchar(100) DEFAULT NULL,
  `v0` varchar(100) DEFAULT NULL,
  `v1` varchar(100) DEFAULT NULL,
  `v2` varchar(100) DEFAULT NULL,
  `v3` varchar(100) DEFAULT NULL,
  `v4` varchar(100) DEFAULT NULL,
  `v5` varchar(100) DEFAULT NULL
) ENGINE=InnoDB DEFAULT CHARSET=utf8;

-- Dumping data for table sec_officer.casbin_rule: ~11 rows (approximately)
DELETE FROM `casbin_rule`;
/*!40000 ALTER TABLE `casbin_rule` DISABLE KEYS */;
INSERT INTO `casbin_rule` (`p_type`, `v0`, `v1`, `v2`, `v3`, `v4`, `v5`) VALUES
	('p', '1', '/api/v1/me/', 'GET', NULL, NULL, NULL),
	('p', '1', '/api/v1/users/*', '	(GET)|(POST)|(PUT)|(DELETE)', NULL, NULL, NULL),
	('p', '1', '/api/v1/courts/', 'GET', NULL, NULL, NULL),
	('p', '2', '/api/v1/me/', 'GET', NULL, NULL, NULL),
	('p', '1', '/api/v1/sec_persons/*', '	(GET)|(POST)|(PUT)|(DELETE)', NULL, NULL, NULL),
	('p', '2', '/api/v1/court_reports/*', '	(GET)|(POST)|(PUT)|(DELETE)|(PATCH)', NULL, NULL, NULL),
	('p', '2', '/api/v1/sec_persons/*', '	(GET)|(POST)|(PUT)|(DELETE)', NULL, NULL, NULL),
	('p', '1', '/api/v1/admin_reports/*', 'GET', NULL, NULL, NULL),
	('p', '1', '/api/v1/court_reports/*', '	(GET)|(PUT)', NULL, NULL, NULL),
	('p', '1', '/api/v1/admin_reports/accept/*', 'PATCH', NULL, NULL, NULL),
	('p', '1', '/api/v1/admin_reports/unaccept/*', 'PATCH', NULL, NULL, NULL);
/*!40000 ALTER TABLE `casbin_rule` ENABLE KEYS */;

-- Dumping structure for table sec_officer.courts
DROP TABLE IF EXISTS `courts`;
CREATE TABLE IF NOT EXISTS `courts` (
  `id` int(10) unsigned NOT NULL AUTO_INCREMENT,
  `court_code` varchar(10) NOT NULL,
  `name` varchar(255) NOT NULL,
  `department_name` varchar(255) NOT NULL,
  `created_uid` int(11) DEFAULT NULL,
  `created_at` timestamp NULL DEFAULT NULL,
  `updated_uid` int(11) DEFAULT NULL,
  `updated_at` timestamp NULL DEFAULT NULL,
  `deleted_at` timestamp NULL DEFAULT NULL,
  PRIMARY KEY (`id`),
  UNIQUE KEY `court_code` (`court_code`)
) ENGINE=InnoDB AUTO_INCREMENT=308 DEFAULT CHARSET=utf8;

-- Dumping data for table sec_officer.courts: ~307 rows (approximately)
DELETE FROM `courts`;
/*!40000 ALTER TABLE `courts` DISABLE KEYS */;
INSERT INTO `courts` (`id`, `court_code`, `name`, `department_name`, `created_uid`, `created_at`, `updated_uid`, `updated_at`, `deleted_at`) VALUES
	(1, '0000001', 'สำนักคณะกรรมการบริหารศาลยุติธรรม', 'หน่วยงานส่วนกลาง', NULL, NULL, NULL, NULL, NULL),
	(2, '0000002', 'สำนักคณะกรรมการตุลาการศาลยุติธรรม', 'หน่วยงานส่วนกลาง', NULL, NULL, NULL, NULL, NULL),
	(3, '0000003', 'สำนักคณะกรรมการข้าราชการศาลยุติธรรม', 'หน่วยงานส่วนกลาง', NULL, NULL, NULL, NULL, NULL),
	(4, '0000004', 'สำนักบริหารกลาง', 'หน่วยงานส่วนกลาง', NULL, NULL, NULL, NULL, NULL),
	(5, '0000005', 'สำนักการต่างประเทศ', 'หน่วยงานส่วนกลาง', NULL, NULL, NULL, NULL, NULL),
	(6, '0000006', 'ศูนย์วิทยบริการศาลยุติธรรม', 'หน่วยงานส่วนกลาง', NULL, NULL, NULL, NULL, NULL),
	(7, '0000007', 'กองสารนิเทศและประชาสัมพันธ์', 'หน่วยงานส่วนกลาง', NULL, NULL, NULL, NULL, NULL),
	(8, '0000008', 'สำนักบริหารงานออกแบบและก่อสร้าง', 'หน่วยงานส่วนกลาง', NULL, NULL, NULL, NULL, NULL),
	(9, '0000009', 'สถาบันพัฒนาข้าราชการฝ่ายตุลาการศาลยุติธรรม', 'หน่วยงานส่วนกลาง', NULL, NULL, NULL, NULL, NULL),
	(10, '0000010', 'สำนักการคลัง', 'หน่วยงานส่วนกลาง', NULL, NULL, NULL, NULL, NULL),
	(11, '0000011', 'สำนักเทคโนโลยีสารสนเทศ', 'หน่วยงานส่วนกลาง', NULL, NULL, NULL, NULL, NULL),
	(12, '0000012', 'สำนักแผนงานและงบประมาณ', 'หน่วยงานส่วนกลาง', NULL, NULL, NULL, NULL, NULL),
	(13, '0000013', 'สำนักกฎหมายและวิชาการศาลยุติธรรม', 'หน่วยงานส่วนกลาง', NULL, NULL, NULL, NULL, NULL),
	(14, '0000014', 'สำนักตรวจสอบภายใน', 'หน่วยงานส่วนกลาง', NULL, NULL, NULL, NULL, NULL),
	(15, '0000015', 'หน่วยตรวจราชการ', 'หน่วยงานส่วนกลาง', NULL, NULL, NULL, NULL, NULL),
	(16, '0000016', 'สถาบันวิจัยและพัฒนารพีพัฒนศักดิ์', 'หน่วยงานส่วนกลาง', NULL, NULL, NULL, NULL, NULL),
	(17, '0000017', 'สำนักบริหารทรัพย์สิน', 'หน่วยงานส่วนกลาง', NULL, NULL, NULL, NULL, NULL),
	(18, '0000018', 'กองสวัสดิการศาลยุติธรรม', 'หน่วยงานส่วนกลาง', NULL, NULL, NULL, NULL, NULL),
	(19, '0000019', 'สำนักรักษาความปลอดภัยและสถานที่', 'หน่วยงานส่วนกลาง', NULL, NULL, NULL, NULL, NULL),
	(20, '0000020', 'สำนักการเจ้าหน้าที่', 'หน่วยงานส่วนกลาง', NULL, NULL, NULL, NULL, NULL),
	(21, '0000021', 'สำนักกิจการคดี', 'หน่วยงานส่วนกลาง', NULL, NULL, NULL, NULL, NULL),
	(22, '0000022', 'สำนักส่งเสริมงานตุลาการ', 'หน่วยงานส่วนกลาง', NULL, NULL, NULL, NULL, NULL),
	(23, '0000023', 'สำนักอนุญาโตตุลาการ', 'หน่วยงานส่วนกลาง', NULL, NULL, NULL, NULL, NULL),
	(24, '0000024', 'สำนักงานเลขานุการคณะกรรมการวินิจฉัยชี้ขาดอำนาจหน้าที่ระหว่างศาล', 'หน่วยงานส่วนกลาง', NULL, NULL, NULL, NULL, NULL),
	(25, '0000101', 'สำนักศาลยุติธรรมประจำภาค 1', 'สำนักศาลยุติธรรมประจำภาค 1', NULL, NULL, NULL, NULL, NULL),
	(26, '0000201', 'สำนักศาลยุติธรรมประจำภาค 2', 'สำนักศาลยุติธรรมประจำภาค 2', NULL, NULL, NULL, NULL, NULL),
	(27, '0000301', 'สำนักศาลยุติธรรมประจำภาค 3', 'สำนักศาลยุติธรรมประจำภาค 3', NULL, NULL, NULL, NULL, NULL),
	(28, '0000401', 'สำนักศาลยุติธรรมประจำภาค 4', 'สำนักศาลยุติธรรมประจำภาค 4', NULL, NULL, NULL, NULL, NULL),
	(29, '0000501', 'สำนักศาลยุติธรรมประจำภาค 5', 'สำนักศาลยุติธรรมประจำภาค 5', NULL, NULL, NULL, NULL, NULL),
	(30, '0000601', 'สำนักศาลยุติธรรมประจำภาค 6', 'สำนักศาลยุติธรรมประจำภาค 6', NULL, NULL, NULL, NULL, NULL),
	(31, '0000701', 'สำนักศาลยุติธรรมประจำภาค 7', 'สำนักศาลยุติธรรมประจำภาค 7', NULL, NULL, NULL, NULL, NULL),
	(32, '0000801', 'สำนักศาลยุติธรรมประจำภาค 8', 'สำนักศาลยุติธรรมประจำภาค 8', NULL, NULL, NULL, NULL, NULL),
	(33, '0000901', 'สำนักศาลยุติธรรมประจำภาค 9', 'สำนักศาลยุติธรรมประจำภาค 9', NULL, NULL, NULL, NULL, NULL),
	(34, '2000101', 'ศาลอุทธรณ์ภาค 1', 'ศาลสูง', NULL, NULL, NULL, NULL, NULL),
	(35, '2000201', 'ศาลอุทธรณ์ภาค 2', 'ศาลสูง', NULL, NULL, NULL, NULL, NULL),
	(36, '2000301', 'ศาลอุทธรณ์ภาค 3', 'ศาลสูง', NULL, NULL, NULL, NULL, NULL),
	(37, '2000401', 'ศาลอุทธรณ์ภาค 4', 'ศาลสูง', NULL, NULL, NULL, NULL, NULL),
	(38, '2000501', 'ศาลอุทธรณ์ภาค 5', 'ศาลสูง', NULL, NULL, NULL, NULL, NULL),
	(39, '2000601', 'ศาลอุทธรณ์ภาค 6', 'ศาลสูง', NULL, NULL, NULL, NULL, NULL),
	(40, '2000701', 'ศาลอุทธรณ์ภาค 7', 'ศาลสูง', NULL, NULL, NULL, NULL, NULL),
	(41, '2000801', 'ศาลอุทธรณ์ภาค 8', 'ศาลสูง', NULL, NULL, NULL, NULL, NULL),
	(42, '2000901', 'ศาลอุทธรณ์ภาค 9', 'ศาลสูง', NULL, NULL, NULL, NULL, NULL),
	(43, '2000002', 'ศาลอุทธรณ์คดีชำนัญพิเศษ', 'ศาลสูง', NULL, NULL, NULL, NULL, NULL),
	(44, '3010001', 'ศาลแพ่ง', 'ศาลชั้นต้นในเขตกรุงเทพมหานคร', NULL, NULL, NULL, NULL, NULL),
	(45, '3010002', 'ศาลแพ่งกรุงเทพใต้', 'ศาลชั้นต้นในเขตกรุงเทพมหานคร', NULL, NULL, NULL, NULL, NULL),
	(46, '3010003', 'ศาลแพ่งธนบุรี', 'ศาลชั้นต้นในเขตกรุงเทพมหานคร', NULL, NULL, NULL, NULL, NULL),
	(47, '3020001', 'ศาลอาญา', 'ศาลชั้นต้นในเขตกรุงเทพมหานคร', NULL, NULL, NULL, NULL, NULL),
	(48, '3020002', 'ศาลอาญากรุงเทพใต้', 'ศาลชั้นต้นในเขตกรุงเทพมหานคร', NULL, NULL, NULL, NULL, NULL),
	(49, '3020003', 'ศาลอาญาธนบุรี', 'ศาลชั้นต้นในเขตกรุงเทพมหานคร', NULL, NULL, NULL, NULL, NULL),
	(50, '3020004', 'ศาลอาญาคดีทุจริตและประพฤติมิชอบกลาง', 'ศาลอาญาคดีทุจริตและประพฤติมิชอบ', NULL, NULL, NULL, NULL, NULL),
	(51, '3020101', 'ศาลอาญาคดีทุจริตและประพฤติมิชอบภาค 1', 'ศาลอาญาคดีทุจริตและประพฤติมิชอบ', NULL, NULL, NULL, NULL, NULL),
	(52, '3020201', 'ศาลอาญาคดีทุจริตและประพฤติมิชอบภาค 2', 'ศาลอาญาคดีทุจริตและประพฤติมิชอบ', NULL, NULL, NULL, NULL, NULL),
	(53, '3020301', 'ศาลอาญาคดีทุจริตและประพฤติมิชอบภาค 3', 'ศาลอาญาคดีทุจริตและประพฤติมิชอบ', NULL, NULL, NULL, NULL, NULL),
	(54, '3020401', 'ศาลอาญาคดีทุจริตและประพฤติมิชอบภาค 4', 'ศาลอาญาคดีทุจริตและประพฤติมิชอบ', NULL, NULL, NULL, NULL, NULL),
	(55, '3020501', 'ศาลอาญาคดีทุจริตและประพฤติมิชอบภาค 5', 'ศาลอาญาคดีทุจริตและประพฤติมิชอบ', NULL, NULL, NULL, NULL, NULL),
	(56, '3020601', 'ศาลอาญาคดีทุจริตและประพฤติมิชอบภาค 6', 'ศาลอาญาคดีทุจริตและประพฤติมิชอบ', NULL, NULL, NULL, NULL, NULL),
	(57, '3020701', 'ศาลอาญาคดีทุจริตและประพฤติมิชอบภาค 7', 'ศาลอาญาคดีทุจริตและประพฤติมิชอบ', NULL, NULL, NULL, NULL, NULL),
	(58, '3020801', 'ศาลอาญาคดีทุจริตและประพฤติมิชอบภาค 8', 'ศาลอาญาคดีทุจริตและประพฤติมิชอบ', NULL, NULL, NULL, NULL, NULL),
	(59, '3020901', 'ศาลอาญาคดีทุจริตและประพฤติมิชอบภาค 9', 'ศาลอาญาคดีทุจริตและประพฤติมิชอบ', NULL, NULL, NULL, NULL, NULL),
	(60, '3030001', 'ศาลแรงงานกลาง', 'ศาลพิเศษ-ศาลชำนัญพิเศษ', NULL, NULL, NULL, NULL, NULL),
	(61, '3030101', 'ศาลแรงงานภาค 1', 'ศาลพิเศษ-ศาลชำนัญพิเศษ', NULL, NULL, NULL, NULL, NULL),
	(62, '3030201', 'ศาลแรงงานภาค 2', 'ศาลพิเศษ-ศาลชำนัญพิเศษ', NULL, NULL, NULL, NULL, NULL),
	(63, '3030301', 'ศาลแรงงานภาค 3', 'ศาลพิเศษ-ศาลชำนัญพิเศษ', NULL, NULL, NULL, NULL, NULL),
	(64, '3030401', 'ศาลแรงงานภาค 4', 'ศาลพิเศษ-ศาลชำนัญพิเศษ', NULL, NULL, NULL, NULL, NULL),
	(65, '3030501', 'ศาลแรงงานภาค 5', 'ศาลพิเศษ-ศาลชำนัญพิเศษ', NULL, NULL, NULL, NULL, NULL),
	(66, '3030601', 'ศาลแรงงานภาค 6', 'ศาลพิเศษ-ศาลชำนัญพิเศษ', NULL, NULL, NULL, NULL, NULL),
	(67, '3030701', 'ศาลแรงงานภาค 7', 'ศาลพิเศษ-ศาลชำนัญพิเศษ', NULL, NULL, NULL, NULL, NULL),
	(68, '3030801', 'ศาลแรงงานภาค 8', 'ศาลพิเศษ-ศาลชำนัญพิเศษ', NULL, NULL, NULL, NULL, NULL),
	(69, '3030901', 'ศาลแรงงานภาค 9', 'ศาลพิเศษ-ศาลชำนัญพิเศษ', NULL, NULL, NULL, NULL, NULL),
	(70, '3040001', 'ศาลภาษีอากรกลาง', 'ศาลพิเศษ-ศาลชำนัญพิเศษ', NULL, NULL, NULL, NULL, NULL),
	(71, '3050001', 'ศาลทรัพย์สินทางปัญญาและการค้าระหว่างประเทศกลาง', 'ศาลพิเศษ-ศาลชำนัญพิเศษ', NULL, NULL, NULL, NULL, NULL),
	(72, '3060001', 'ศาลล้มละลายกลาง', 'ศาลพิเศษ-ศาลชำนัญพิเศษ', NULL, NULL, NULL, NULL, NULL),
	(73, '3070101', 'ศาลจังหวัดตลิ่งชัน', 'สำนักศาลยุติธรรมประจำภาค 1', NULL, NULL, NULL, NULL, NULL),
	(74, '3070102', 'ศาลจังหวัดพระโขนง', 'สำนักศาลยุติธรรมประจำภาค 1', NULL, NULL, NULL, NULL, NULL),
	(75, '3070103', 'ศาลจังหวัดมีนบุรี', 'สำนักศาลยุติธรรมประจำภาค 1', NULL, NULL, NULL, NULL, NULL),
	(76, '3070104', 'ศาลจังหวัดสมุทรปราการ', 'สำนักศาลยุติธรรมประจำภาค 1', NULL, NULL, NULL, NULL, NULL),
	(77, '3070105', 'ศาลจังหวัดนนทบุรี', 'สำนักศาลยุติธรรมประจำภาค 1', NULL, NULL, NULL, NULL, NULL),
	(78, '3070106', 'ศาลจังหวัดปทุมธานี', 'สำนักศาลยุติธรรมประจำภาค 1', NULL, NULL, NULL, NULL, NULL),
	(79, '3070107', 'ศาลจังหวัดธัญบุรี', 'สำนักศาลยุติธรรมประจำภาค 1', NULL, NULL, NULL, NULL, NULL),
	(80, '3070108', 'ศาลจังหวัดพระนครศรีอยุธยา', 'สำนักศาลยุติธรรมประจำภาค 1', NULL, NULL, NULL, NULL, NULL),
	(81, '3070109', 'ศาลจังหวัดอ่างทอง', 'สำนักศาลยุติธรรมประจำภาค 1', NULL, NULL, NULL, NULL, NULL),
	(82, '3070110', 'ศาลจังหวัดลพบุรี', 'สำนักศาลยุติธรรมประจำภาค 1', NULL, NULL, NULL, NULL, NULL),
	(83, '3070111', 'ศาลจังหวัดสิงห์บุรี', 'สำนักศาลยุติธรรมประจำภาค 1', NULL, NULL, NULL, NULL, NULL),
	(84, '3070112', 'ศาลจังหวัดชัยนาท', 'สำนักศาลยุติธรรมประจำภาค 1', NULL, NULL, NULL, NULL, NULL),
	(85, '3070113', 'ศาลจังหวัดชัยบาดาล', 'สำนักศาลยุติธรรมประจำภาค 1', NULL, NULL, NULL, NULL, NULL),
	(86, '3070114', 'ศาลจังหวัดสระบุรี', 'สำนักศาลยุติธรรมประจำภาค 1', NULL, NULL, NULL, NULL, NULL),
	(87, '3070201', 'ศาลจังหวัดชลบุรี', 'สำนักศาลยุติธรรมประจำภาค 2', NULL, NULL, NULL, NULL, NULL),
	(88, '3070202', 'ศาลจังหวัดพัทยา', 'สำนักศาลยุติธรรมประจำภาค 2', NULL, NULL, NULL, NULL, NULL),
	(89, '3070203', 'ศาลจังหวัดระยอง', 'สำนักศาลยุติธรรมประจำภาค 2', NULL, NULL, NULL, NULL, NULL),
	(90, '3070204', 'ศาลจังหวัดจันทบุรี', 'สำนักศาลยุติธรรมประจำภาค 2', NULL, NULL, NULL, NULL, NULL),
	(91, '3070205', 'ศาลจังหวัดตราด', 'สำนักศาลยุติธรรมประจำภาค 2', NULL, NULL, NULL, NULL, NULL),
	(92, '3070206', 'ศาลจังหวัดฉะเชิงเทรา', 'สำนักศาลยุติธรรมประจำภาค 2', NULL, NULL, NULL, NULL, NULL),
	(93, '3070207', 'ศาลจังหวัดปราจีนบุรี', 'สำนักศาลยุติธรรมประจำภาค 2', NULL, NULL, NULL, NULL, NULL),
	(94, '3070208', 'ศาลจังหวัดกบินทร์บุรี', 'สำนักศาลยุติธรรมประจำภาค 2', NULL, NULL, NULL, NULL, NULL),
	(95, '3070209', 'ศาลจังหวัดนครนายก', 'สำนักศาลยุติธรรมประจำภาค 2', NULL, NULL, NULL, NULL, NULL),
	(96, '3070210', 'ศาลจังหวัดสระแก้ว', 'สำนักศาลยุติธรรมประจำภาค 2', NULL, NULL, NULL, NULL, NULL),
	(97, '3070301', 'ศาลจังหวัดนครราชสีมา', 'สำนักศาลยุติธรรมประจำภาค 3', NULL, NULL, NULL, NULL, NULL),
	(98, '3070302', 'ศาลจังหวัดบัวใหญ่', 'สำนักศาลยุติธรรมประจำภาค 3', NULL, NULL, NULL, NULL, NULL),
	(99, '3070303', 'ศาลจังหวัดสีคิ้ว', 'สำนักศาลยุติธรรมประจำภาค 3', NULL, NULL, NULL, NULL, NULL),
	(100, '3070304', 'ศาลจังหวัดสีคิ้ว (ปากช่อง)', 'สำนักศาลยุติธรรมประจำภาค 3', NULL, NULL, NULL, NULL, NULL),
	(101, '3070305', 'ศาลจังหวัดบุรีรัมย์', 'สำนักศาลยุติธรรมประจำภาค 3', NULL, NULL, NULL, NULL, NULL),
	(102, '3070306', 'ศาลจังหวัดนางรอง', 'สำนักศาลยุติธรรมประจำภาค 3', NULL, NULL, NULL, NULL, NULL),
	(103, '3070307', 'ศาลจังหวัดสุรินทร์', 'สำนักศาลยุติธรรมประจำภาค 3', NULL, NULL, NULL, NULL, NULL),
	(104, '3070308', 'ศาลจังหวัดรัตนบุรี', 'สำนักศาลยุติธรรมประจำภาค 3', NULL, NULL, NULL, NULL, NULL),
	(105, '3070309', 'ศาลจังหวัดศรีสะเกษ', 'สำนักศาลยุติธรรมประจำภาค 3', NULL, NULL, NULL, NULL, NULL),
	(106, '3070318', 'ศาลจังหวัดกันทรลักษ์', 'สำนักศาลยุติธรรมประจำภาค 3', NULL, NULL, NULL, NULL, NULL),
	(107, '3070311', 'ศาลจังหวัดอุบลราชธานี', 'สำนักศาลยุติธรรมประจำภาค 3', NULL, NULL, NULL, NULL, NULL),
	(108, '3070312', 'ศาลจังหวัดเดชอุดม', 'สำนักศาลยุติธรรมประจำภาค 3', NULL, NULL, NULL, NULL, NULL),
	(109, '3070313', 'ศาลจังหวัดยโสธร', 'สำนักศาลยุติธรรมประจำภาค 3', NULL, NULL, NULL, NULL, NULL),
	(110, '3070314', 'ศาลจังหวัดชัยภูมิ', 'สำนักศาลยุติธรรมประจำภาค 3', NULL, NULL, NULL, NULL, NULL),
	(111, '3070315', 'ศาลจังหวัดภูเขียว', 'สำนักศาลยุติธรรมประจำภาค 3', NULL, NULL, NULL, NULL, NULL),
	(112, '3070316', 'ศาลจังหวัดอำนาจเจริญ', 'สำนักศาลยุติธรรมประจำภาค 3', NULL, NULL, NULL, NULL, NULL),
	(113, '3070317', 'ศาลจังหวัดพิมาย', 'สำนักศาลยุติธรรมประจำภาค 3', NULL, NULL, NULL, NULL, NULL),
	(114, '3070401', 'ศาลจังหวัดบึงกาฬ', 'สำนักศาลยุติธรรมประจำภาค 4', NULL, NULL, NULL, NULL, NULL),
	(115, '3070402', 'ศาลจังหวัดหนองบัวลำภู', 'สำนักศาลยุติธรรมประจำภาค 4', NULL, NULL, NULL, NULL, NULL),
	(116, '3070403', 'ศาลจังหวัดขอนแก่น', 'สำนักศาลยุติธรรมประจำภาค 4', NULL, NULL, NULL, NULL, NULL),
	(117, '3070404', 'ศาลจังหวัดพล', 'สำนักศาลยุติธรรมประจำภาค 4', NULL, NULL, NULL, NULL, NULL),
	(118, '3070405', 'ศาลจังหวัดอุดรธานี', 'สำนักศาลยุติธรรมประจำภาค 4', NULL, NULL, NULL, NULL, NULL),
	(119, '3070406', 'ศาลจังหวัดเลย', 'สำนักศาลยุติธรรมประจำภาค 4', NULL, NULL, NULL, NULL, NULL),
	(120, '3070407', 'ศาลจังหวัดหนองคาย', 'สำนักศาลยุติธรรมประจำภาค 4', NULL, NULL, NULL, NULL, NULL),
	(121, '3070408', 'ศาลจังหวัดมหาสารคาม', 'สำนักศาลยุติธรรมประจำภาค 4', NULL, NULL, NULL, NULL, NULL),
	(122, '3070409', 'ศาลจังหวัดร้อยเอ็ด', 'สำนักศาลยุติธรรมประจำภาค 4', NULL, NULL, NULL, NULL, NULL),
	(123, '3070410', 'ศาลจังหวัดกาฬสินธุ์', 'สำนักศาลยุติธรรมประจำภาค 4', NULL, NULL, NULL, NULL, NULL),
	(124, '3070411', 'ศาลจังหวัดสกลนคร', 'สำนักศาลยุติธรรมประจำภาค 4', NULL, NULL, NULL, NULL, NULL),
	(125, '3070412', 'ศาลจังหวัดสว่างแดนดิน', 'สำนักศาลยุติธรรมประจำภาค 4', NULL, NULL, NULL, NULL, NULL),
	(126, '3070413', 'ศาลจังหวัดนครพนม', 'สำนักศาลยุติธรรมประจำภาค 4', NULL, NULL, NULL, NULL, NULL),
	(127, '3070414', 'ศาลจังหวัดมุกดาหาร', 'สำนักศาลยุติธรรมประจำภาค 4', NULL, NULL, NULL, NULL, NULL),
	(128, '3070415', 'ศาลจังหวัดชุมแพ', 'สำนักศาลยุติธรรมประจำภาค 4', NULL, NULL, NULL, NULL, NULL),
	(129, '3070501', 'ศาลจังหวัดเชียงใหม่', 'สำนักศาลยุติธรรมประจำภาค 5', NULL, NULL, NULL, NULL, NULL),
	(130, '3070502', 'ศาลจังหวัดฝาง', 'สำนักศาลยุติธรรมประจำภาค 5', NULL, NULL, NULL, NULL, NULL),
	(131, '3070503', 'ศาลจังหวัดลำพูน', 'สำนักศาลยุติธรรมประจำภาค 5', NULL, NULL, NULL, NULL, NULL),
	(132, '3070504', 'ศาลจังหวัดลำปาง', 'สำนักศาลยุติธรรมประจำภาค 5', NULL, NULL, NULL, NULL, NULL),
	(133, '3070505', 'ศาลจังหวัดแพร่', 'สำนักศาลยุติธรรมประจำภาค 5', NULL, NULL, NULL, NULL, NULL),
	(134, '3070506', 'ศาลจังหวัดน่าน', 'สำนักศาลยุติธรรมประจำภาค 5', NULL, NULL, NULL, NULL, NULL),
	(135, '3070508', 'ศาลจังหวัดพะเยา', 'สำนักศาลยุติธรรมประจำภาค 5', NULL, NULL, NULL, NULL, NULL),
	(136, '3070509', 'ศาลจังหวัดเชียงราย', 'สำนักศาลยุติธรรมประจำภาค 5', NULL, NULL, NULL, NULL, NULL),
	(137, '3070510', 'ศาลจังหวัดเทิง', 'สำนักศาลยุติธรรมประจำภาค 5', NULL, NULL, NULL, NULL, NULL),
	(138, '3070511', 'ศาลจังหวัดแม่ฮ่องสอน', 'สำนักศาลยุติธรรมประจำภาค 5', NULL, NULL, NULL, NULL, NULL),
	(139, '3070513', 'ศาลจังหวัดแม่สะเรียง', 'สำนักศาลยุติธรรมประจำภาค 5', NULL, NULL, NULL, NULL, NULL),
	(140, '3070514', 'ศาลจังหวัดฮอด', 'สำนักศาลยุติธรรมประจำภาค 5', NULL, NULL, NULL, NULL, NULL),
	(141, '3070515', 'ศาลจังหวัดเชียงคำ', 'สำนักศาลยุติธรรมประจำภาค 5', NULL, NULL, NULL, NULL, NULL),
	(142, '3070601', 'ศาลจังหวัดอุตรดิตถ์', 'สำนักศาลยุติธรรมประจำภาค 6', NULL, NULL, NULL, NULL, NULL),
	(143, '3070602', 'ศาลจังหวัดนครสวรรค์', 'สำนักศาลยุติธรรมประจำภาค 6', NULL, NULL, NULL, NULL, NULL),
	(144, '3070603', 'ศาลจังหวัดอุทัยธานี', 'สำนักศาลยุติธรรมประจำภาค 6', NULL, NULL, NULL, NULL, NULL),
	(145, '3070604', 'ศาลจังหวัดกำแพงเพชร', 'สำนักศาลยุติธรรมประจำภาค 6', NULL, NULL, NULL, NULL, NULL),
	(146, '3070605', 'ศาลจังหวัดตาก', 'สำนักศาลยุติธรรมประจำภาค 6', NULL, NULL, NULL, NULL, NULL),
	(147, '3070606', 'ศาลจังหวัดแม่สอด', 'สำนักศาลยุติธรรมประจำภาค 6', NULL, NULL, NULL, NULL, NULL),
	(148, '3070607', 'ศาลจังหวัดสุโขทัย', 'สำนักศาลยุติธรรมประจำภาค 6', NULL, NULL, NULL, NULL, NULL),
	(149, '3070608', 'ศาลจังหวัดสวรรคโลก', 'สำนักศาลยุติธรรมประจำภาค 6', NULL, NULL, NULL, NULL, NULL),
	(150, '3070609', 'ศาลจังหวัดพิษณุโลก', 'สำนักศาลยุติธรรมประจำภาค 6', NULL, NULL, NULL, NULL, NULL),
	(151, '3070610', 'ศาลจังหวัดพิจิตร', 'สำนักศาลยุติธรรมประจำภาค 6', NULL, NULL, NULL, NULL, NULL),
	(152, '3070611', 'ศาลจังหวัดเพชรบูรณ์', 'สำนักศาลยุติธรรมประจำภาค 6', NULL, NULL, NULL, NULL, NULL),
	(153, '3070612', 'ศาลจังหวัดหล่มสัก', 'สำนักศาลยุติธรรมประจำภาค 6', NULL, NULL, NULL, NULL, NULL),
	(154, '3070613', 'ศาลจังหวัดวิเชียรบุรี', 'สำนักศาลยุติธรรมประจำภาค 6', NULL, NULL, NULL, NULL, NULL),
	(155, '3070701', 'ศาลจังหวัดราชบุรี', 'สำนักศาลยุติธรรมประจำภาค 7', NULL, NULL, NULL, NULL, NULL),
	(156, '3070702', 'ศาลจังหวัดกาญจนบุรี', 'สำนักศาลยุติธรรมประจำภาค 7', NULL, NULL, NULL, NULL, NULL),
	(157, '3070703', 'ศาลจังหวัดทองผาภูมิ', 'สำนักศาลยุติธรรมประจำภาค 7', NULL, NULL, NULL, NULL, NULL),
	(158, '3070704', 'ศาลจังหวัดสุพรรณบุรี', 'สำนักศาลยุติธรรมประจำภาค 7', NULL, NULL, NULL, NULL, NULL),
	(159, '3070705', 'ศาลจังหวัดนครปฐม', 'สำนักศาลยุติธรรมประจำภาค 7', NULL, NULL, NULL, NULL, NULL),
	(160, '3070706', 'ศาลจังหวัดสมุทรสาคร', 'สำนักศาลยุติธรรมประจำภาค 7', NULL, NULL, NULL, NULL, NULL),
	(161, '3070707', 'ศาลจังหวัดสมุทรสงคราม', 'สำนักศาลยุติธรรมประจำภาค 7', NULL, NULL, NULL, NULL, NULL),
	(162, '3070708', 'ศาลจังหวัดเพชรบุรี', 'สำนักศาลยุติธรรมประจำภาค 7', NULL, NULL, NULL, NULL, NULL),
	(163, '3070709', 'ศาลจังหวัดประจวบคีรีขันธ์', 'สำนักศาลยุติธรรมประจำภาค 7', NULL, NULL, NULL, NULL, NULL),
	(164, '3070710', 'ศาลจังหวัดหัวหิน', 'สำนักศาลยุติธรรมประจำภาค 7', NULL, NULL, NULL, NULL, NULL),
	(165, '3070801', 'ศาลจังหวัดนครศรีธรรมราช', 'สำนักศาลยุติธรรมประจำภาค 8', NULL, NULL, NULL, NULL, NULL),
	(166, '3070802', 'ศาลจังหวัดทุ่งสง', 'สำนักศาลยุติธรรมประจำภาค 8', NULL, NULL, NULL, NULL, NULL),
	(167, '3070803', 'ศาลจังหวัดปากพนัง', 'สำนักศาลยุติธรรมประจำภาค 8', NULL, NULL, NULL, NULL, NULL),
	(168, '3070804', 'ศาลจังหวัดกระบี่', 'สำนักศาลยุติธรรมประจำภาค 8', NULL, NULL, NULL, NULL, NULL),
	(169, '3070805', 'ศาลจังหวัดพังงา', 'สำนักศาลยุติธรรมประจำภาค 8', NULL, NULL, NULL, NULL, NULL),
	(170, '3070806', 'ศาลจังหวัดตะกั่วป่า', 'สำนักศาลยุติธรรมประจำภาค 8', NULL, NULL, NULL, NULL, NULL),
	(171, '3070807', 'ศาลจังหวัดภูเก็ต', 'สำนักศาลยุติธรรมประจำภาค 8', NULL, NULL, NULL, NULL, NULL),
	(172, '3070808', 'ศาลจังหวัดสุราษฎร์ธานี', 'สำนักศาลยุติธรรมประจำภาค 8', NULL, NULL, NULL, NULL, NULL),
	(173, '3070809', 'ศาลจังหวัดเกาะสมุย', 'สำนักศาลยุติธรรมประจำภาค 8', NULL, NULL, NULL, NULL, NULL),
	(174, '3070810', 'ศาลจังหวัดไชยา', 'สำนักศาลยุติธรรมประจำภาค 8', NULL, NULL, NULL, NULL, NULL),
	(175, '3070811', 'ศาลจังหวัดเวียงสระ', 'สำนักศาลยุติธรรมประจำภาค 8', NULL, NULL, NULL, NULL, NULL),
	(176, '3070812', 'ศาลจังหวัดระนอง', 'สำนักศาลยุติธรรมประจำภาค 8', NULL, NULL, NULL, NULL, NULL),
	(177, '3070813', 'ศาลจังหวัดชุมพร', 'สำนักศาลยุติธรรมประจำภาค 8', NULL, NULL, NULL, NULL, NULL),
	(178, '3070814', 'ศาลจังหวัดหลังสวน', 'สำนักศาลยุติธรรมประจำภาค 8', NULL, NULL, NULL, NULL, NULL),
	(179, '3070901', 'ศาลจังหวัดสงขลา', 'สำนักศาลยุติธรรมประจำภาค 9', NULL, NULL, NULL, NULL, NULL),
	(180, '3070902', 'ศาลจังหวัดนาทวี', 'สำนักศาลยุติธรรมประจำภาค 9', NULL, NULL, NULL, NULL, NULL),
	(181, '3070903', 'ศาลจังหวัดสตูล', 'สำนักศาลยุติธรรมประจำภาค 9', NULL, NULL, NULL, NULL, NULL),
	(182, '3070904', 'ศาลจังหวัดตรัง', 'สำนักศาลยุติธรรมประจำภาค 9', NULL, NULL, NULL, NULL, NULL),
	(183, '3070905', 'ศาลจังหวัดพัทลุง', 'สำนักศาลยุติธรรมประจำภาค 9', NULL, NULL, NULL, NULL, NULL),
	(184, '3070906', 'ศาลจังหวัดปัตตานี', 'สำนักศาลยุติธรรมประจำภาค 9', NULL, NULL, NULL, NULL, NULL),
	(185, '3070907', 'ศาลจังหวัดยะลา', 'สำนักศาลยุติธรรมประจำภาค 9', NULL, NULL, NULL, NULL, NULL),
	(186, '3070908', 'ศาลจังหวัดเบตง', 'สำนักศาลยุติธรรมประจำภาค 9', NULL, NULL, NULL, NULL, NULL),
	(187, '3070909', 'ศาลจังหวัดนราธิวาส', 'สำนักศาลยุติธรรมประจำภาค 9', NULL, NULL, NULL, NULL, NULL),
	(188, '3080101', 'ศาลแขวงดุสิต', 'สำนักศาลยุติธรรมประจำภาค 1', NULL, NULL, NULL, NULL, NULL),
	(189, '3080102', 'ศาลแขวงธนบุรี', 'สำนักศาลยุติธรรมประจำภาค 1', NULL, NULL, NULL, NULL, NULL),
	(190, '3080103', 'ศาลแขวงปทุมวัน', 'สำนักศาลยุติธรรมประจำภาค 1', NULL, NULL, NULL, NULL, NULL),
	(191, '3080104', 'ศาลแขวงพระนครใต้', 'สำนักศาลยุติธรรมประจำภาค 1', NULL, NULL, NULL, NULL, NULL),
	(192, '3080105', 'ศาลแขวงพระนครเหนือ', 'สำนักศาลยุติธรรมประจำภาค 1', NULL, NULL, NULL, NULL, NULL),
	(193, '3080106', 'ศาลแขวงสมุทรปราการ', 'สำนักศาลยุติธรรมประจำภาค 1', NULL, NULL, NULL, NULL, NULL),
	(194, '3080107', 'ศาลแขวงนนทบุรี', 'สำนักศาลยุติธรรมประจำภาค 1', NULL, NULL, NULL, NULL, NULL),
	(195, '3080108', 'ศาลแขวงพระนครศรีอยุธยา', 'สำนักศาลยุติธรรมประจำภาค 1', NULL, NULL, NULL, NULL, NULL),
	(196, '3080109', 'ศาลแขวงลพบุรี', 'สำนักศาลยุติธรรมประจำภาค 1', NULL, NULL, NULL, NULL, NULL),
	(197, '3080110', 'ศาลแขวงดอนเมือง', 'สำนักศาลยุติธรรมประจำภาค 1', NULL, NULL, NULL, NULL, NULL),
	(198, '3080111', 'ศาลแขวงสระบุรี', 'สำนักศาลยุติธรรมประจำภาค 1', NULL, NULL, NULL, NULL, NULL),
	(199, '3080201', 'ศาลแขวงชลบุรี', 'สำนักศาลยุติธรรมประจำภาค 2', NULL, NULL, NULL, NULL, NULL),
	(200, '3080202', 'ศาลแขวงพัทยา', 'สำนักศาลยุติธรรมประจำภาค 2', NULL, NULL, NULL, NULL, NULL),
	(201, '3080301', 'ศาลแขวงนครราชสีมา', 'สำนักศาลยุติธรรมประจำภาค 3', NULL, NULL, NULL, NULL, NULL),
	(202, '3080303', 'ศาลแขวงสุรินทร์', 'สำนักศาลยุติธรรมประจำภาค 3', NULL, NULL, NULL, NULL, NULL),
	(203, '3080304', 'ศาลแขวงอุบลราชธานี', 'สำนักศาลยุติธรรมประจำภาค 3', NULL, NULL, NULL, NULL, NULL),
	(204, '3080401', 'ศาลแขวงขอนแก่น', 'สำนักศาลยุติธรรมประจำภาค 4', NULL, NULL, NULL, NULL, NULL),
	(205, '3080402', 'ศาลแขวงอุดรธานี', 'สำนักศาลยุติธรรมประจำภาค 4', NULL, NULL, NULL, NULL, NULL),
	(206, '3080403', 'ศาลแขวงพยัคฆภูมิพิสัย', 'สำนักศาลยุติธรรมประจำภาค 4', NULL, NULL, NULL, NULL, NULL),
	(207, '3080501', 'ศาลแขวงเชียงใหม่', 'สำนักศาลยุติธรรมประจำภาค 5', NULL, NULL, NULL, NULL, NULL),
	(208, '3080502', 'ศาลแขวงลำปาง', 'สำนักศาลยุติธรรมประจำภาค 5', NULL, NULL, NULL, NULL, NULL),
	(209, '3080503', 'ศาลแขวงเวียงป่าเป้า', 'สำนักศาลยุติธรรมประจำภาค 5', NULL, NULL, NULL, NULL, NULL),
	(210, '3080601', 'ศาลแขวงนครสวรรค์', 'สำนักศาลยุติธรรมประจำภาค 6', NULL, NULL, NULL, NULL, NULL),
	(211, '3080602', 'ศาลแขวงพิษณุโลก', 'สำนักศาลยุติธรรมประจำภาค 6', NULL, NULL, NULL, NULL, NULL),
	(212, '3080603', 'ศาลแขวงนครไทย', 'สำนักศาลยุติธรรมประจำภาค 6', NULL, NULL, NULL, NULL, NULL),
	(213, '3080701', 'ศาลแขวงราชบุรี', 'สำนักศาลยุติธรรมประจำภาค 7', NULL, NULL, NULL, NULL, NULL),
	(214, '3080702', 'ศาลแขวงสุพรรณบุรี', 'สำนักศาลยุติธรรมประจำภาค 7', NULL, NULL, NULL, NULL, NULL),
	(215, '3080703', 'ศาลแขวงนครปฐม', 'สำนักศาลยุติธรรมประจำภาค 7', NULL, NULL, NULL, NULL, NULL),
	(216, '3080801', 'ศาลแขวงนครศรีธรรมราช', 'สำนักศาลยุติธรรมประจำภาค 8', NULL, NULL, NULL, NULL, NULL),
	(217, '3080802', 'ศาลแขวงสุราษฎร์ธานี', 'สำนักศาลยุติธรรมประจำภาค 8', NULL, NULL, NULL, NULL, NULL),
	(218, '3080803', 'ศาลแขวงทุ่งสง', 'สำนักศาลยุติธรรมประจำภาค 8', NULL, NULL, NULL, NULL, NULL),
	(219, '3080901', 'ศาลแขวงสงขลา', 'สำนักศาลยุติธรรมประจำภาค 9', NULL, NULL, NULL, NULL, NULL),
	(220, '3090001', 'ศาลเยาวชนและครอบครัวกลาง', 'ศาลพิเศษ-ศาลชำนัญพิเศษ', NULL, NULL, NULL, NULL, NULL),
	(221, '3090002', 'ศาลเยาวชนและครอบครัวกลาง (สาขามีนบุรี)', 'ศาลพิเศษ-ศาลชำนัญพิเศษ', NULL, NULL, NULL, NULL, NULL),
	(222, '3090101', 'ศาลเยาวชนและครอบครัวจังหวัดสมุทรปราการ', 'สำนักศาลยุติธรรมประจำภาค 1', NULL, NULL, NULL, NULL, NULL),
	(223, '3090102', 'ศาลเยาวชนและครอบครัวจังหวัดนนทบุรี', 'สำนักศาลยุติธรรมประจำภาค 1', NULL, NULL, NULL, NULL, NULL),
	(224, '3090103', 'ศาลเยาวชนและครอบครัวจังหวัดปทุมธานี', 'สำนักศาลยุติธรรมประจำภาค 1', NULL, NULL, NULL, NULL, NULL),
	(225, '3090104', 'ศาลเยาวชนและครอบครัวจังหวัดพระนครศรีอยุธยา', 'สำนักศาลยุติธรรมประจำภาค 1', NULL, NULL, NULL, NULL, NULL),
	(226, '3090105', 'ศาลเยาวชนและครอบครัวจังหวัดอ่างทอง', 'สำนักศาลยุติธรรมประจำภาค 1', NULL, NULL, NULL, NULL, NULL),
	(227, '3090106', 'ศาลเยาวชนและครอบครัวจังหวัดลพบุรี', 'สำนักศาลยุติธรรมประจำภาค 1', NULL, NULL, NULL, NULL, NULL),
	(228, '3090107', 'ศาลเยาวชนและครอบครัวจังหวัดสิงห์บุรี', 'สำนักศาลยุติธรรมประจำภาค 1', NULL, NULL, NULL, NULL, NULL),
	(229, '3090108', 'ศาลเยาวชนและครอบครัวจังหวัดชัยนาท', 'สำนักศาลยุติธรรมประจำภาค 1', NULL, NULL, NULL, NULL, NULL),
	(230, '3090109', 'ศาลเยาวชนและครอบครัวจังหวัดสระบุรี', 'สำนักศาลยุติธรรมประจำภาค 1', NULL, NULL, NULL, NULL, NULL),
	(231, '3090201', 'ศาลเยาวชนและครอบครัวจังหวัดชลบุรี', 'สำนักศาลยุติธรรมประจำภาค 2', NULL, NULL, NULL, NULL, NULL),
	(232, '3090202', 'ศาลเยาวชนและครอบครัวจังหวัดระยอง', 'สำนักศาลยุติธรรมประจำภาค 2', NULL, NULL, NULL, NULL, NULL),
	(233, '3090203', 'ศาลเยาวชนและครอบครัวจังหวัดจันทบุรี', 'สำนักศาลยุติธรรมประจำภาค 2', NULL, NULL, NULL, NULL, NULL),
	(234, '3090204', 'ศาลเยาวชนและครอบครัวจังหวัดตราด', 'สำนักศาลยุติธรรมประจำภาค 2', NULL, NULL, NULL, NULL, NULL),
	(235, '3090205', 'ศาลเยาวชนและครอบครัวจังหวัดฉะเชิงเทรา', 'สำนักศาลยุติธรรมประจำภาค 2', NULL, NULL, NULL, NULL, NULL),
	(236, '3090206', 'ศาลเยาวชนและครอบครัวจังหวัดปราจีนบุรี', 'สำนักศาลยุติธรรมประจำภาค 2', NULL, NULL, NULL, NULL, NULL),
	(237, '3090207', 'ศาลเยาวชนและครอบครัวจังหวัดนครนายก', 'สำนักศาลยุติธรรมประจำภาค 2', NULL, NULL, NULL, NULL, NULL),
	(238, '3090208', 'ศาลเยาวชนและครอบครัวจังหวัดสระแก้ว', 'สำนักศาลยุติธรรมประจำภาค 2', NULL, NULL, NULL, NULL, NULL),
	(239, '3090301', 'ศาลเยาวชนและครอบครัวจังหวัดนครราชสีมา', 'สำนักศาลยุติธรรมประจำภาค 3', NULL, NULL, NULL, NULL, NULL),
	(240, '3090302', 'ศาลเยาวชนและครอบครัวจังหวัดบุรีรัมย์', 'สำนักศาลยุติธรรมประจำภาค 3', NULL, NULL, NULL, NULL, NULL),
	(241, '3090303', 'ศาลเยาวชนและครอบครัวจังหวัดสุรินทร์', 'สำนักศาลยุติธรรมประจำภาค 3', NULL, NULL, NULL, NULL, NULL),
	(242, '3090304', 'ศาลเยาวชนและครอบครัวจังหวัดศรีสะเกษ', 'สำนักศาลยุติธรรมประจำภาค 3', NULL, NULL, NULL, NULL, NULL),
	(243, '3090305', 'ศาลเยาวชนและครอบครัวจังหวัดอุบลราชธานี', 'สำนักศาลยุติธรรมประจำภาค 3', NULL, NULL, NULL, NULL, NULL),
	(244, '3090306', 'ศาลเยาวชนและครอบครัวจังหวัดยโสธร', 'สำนักศาลยุติธรรมประจำภาค 3', NULL, NULL, NULL, NULL, NULL),
	(245, '3090307', 'ศาลเยาวชนและครอบครัวจังหวัดชัยภูมิ', 'สำนักศาลยุติธรรมประจำภาค 3', NULL, NULL, NULL, NULL, NULL),
	(246, '3090308', 'ศาลเยาวชนและครอบครัวจังหวัดอำนาจเจริญ', 'สำนักศาลยุติธรรมประจำภาค 3', NULL, NULL, NULL, NULL, NULL),
	(247, '3090401', 'ศาลเยาวชนและครอบครัวจังหวัดบึงกาฬ', 'สำนักศาลยุติธรรมประจำภาค 4', NULL, NULL, NULL, NULL, NULL),
	(248, '3090402', 'ศาลเยาวชนและครอบครัวจังหวัดหนองบัวลำภู', 'สำนักศาลยุติธรรมประจำภาค 4', NULL, NULL, NULL, NULL, NULL),
	(249, '3090403', 'ศาลเยาวชนและครอบครัวจังหวัดขอนแก่น', 'สำนักศาลยุติธรรมประจำภาค 4', NULL, NULL, NULL, NULL, NULL),
	(250, '3090404', 'ศาลเยาวชนและครอบครัวจังหวัดอุดรธานี', 'สำนักศาลยุติธรรมประจำภาค 4', NULL, NULL, NULL, NULL, NULL),
	(251, '3090405', 'ศาลเยาวชนและครอบครัวจังหวัดเลย', 'สำนักศาลยุติธรรมประจำภาค 4', NULL, NULL, NULL, NULL, NULL),
	(252, '3090406', 'ศาลเยาวชนและครอบครัวจังหวัดหนองคาย', 'สำนักศาลยุติธรรมประจำภาค 4', NULL, NULL, NULL, NULL, NULL),
	(253, '3090407', 'ศาลเยาวชนและครอบครัวจังหวัดมหาสารคาม', 'สำนักศาลยุติธรรมประจำภาค 4', NULL, NULL, NULL, NULL, NULL),
	(254, '3090408', 'ศาลเยาวชนและครอบครัวจังหวัดร้อยเอ็ด', 'สำนักศาลยุติธรรมประจำภาค 4', NULL, NULL, NULL, NULL, NULL),
	(255, '3090409', 'ศาลเยาวชนและครอบครัวจังหวัดกาฬสินธุ์', 'สำนักศาลยุติธรรมประจำภาค 4', NULL, NULL, NULL, NULL, NULL),
	(256, '3090410', 'ศาลเยาวชนและครอบครัวจังหวัดสกลนคร', 'สำนักศาลยุติธรรมประจำภาค 4', NULL, NULL, NULL, NULL, NULL),
	(257, '3090411', 'ศาลเยาวชนและครอบครัวจังหวัดนครพนม', 'สำนักศาลยุติธรรมประจำภาค 4', NULL, NULL, NULL, NULL, NULL),
	(258, '3090412', 'ศาลเยาวชนและครอบครัวจังหวัดมุกดาหาร', 'สำนักศาลยุติธรรมประจำภาค 4', NULL, NULL, NULL, NULL, NULL),
	(259, '3090501', 'ศาลเยาวชนและครอบครัวจังหวัดเชียงใหม่', 'สำนักศาลยุติธรรมประจำภาค 5', NULL, NULL, NULL, NULL, NULL),
	(260, '3090502', 'ศาลเยาวชนและครอบครัวจังหวัดลำพูน', 'สำนักศาลยุติธรรมประจำภาค 5', NULL, NULL, NULL, NULL, NULL),
	(261, '3090503', 'ศาลเยาวชนและครอบครัวจังหวัดลำปาง', 'สำนักศาลยุติธรรมประจำภาค 5', NULL, NULL, NULL, NULL, NULL),
	(262, '3090504', 'ศาลเยาวชนและครอบครัวจังหวัดแพร่', 'สำนักศาลยุติธรรมประจำภาค 5', NULL, NULL, NULL, NULL, NULL),
	(263, '3090505', 'ศาลเยาวชนและครอบครัวจังหวัดน่าน', 'สำนักศาลยุติธรรมประจำภาค 5', NULL, NULL, NULL, NULL, NULL),
	(264, '3090506', 'ศาลเยาวชนและครอบครัวจังหวัดพะเยา', 'สำนักศาลยุติธรรมประจำภาค 5', NULL, NULL, NULL, NULL, NULL),
	(265, '3090507', 'ศาลเยาวชนและครอบครัวจังหวัดเชียงราย', 'สำนักศาลยุติธรรมประจำภาค 5', NULL, NULL, NULL, NULL, NULL),
	(266, '3090508', 'ศาลเยาวชนและครอบครัวจังหวัดแม่ฮ่องสอน', 'สำนักศาลยุติธรรมประจำภาค 5', NULL, NULL, NULL, NULL, NULL),
	(267, '3090601', 'ศาลเยาวชนและครอบครัวจังหวัดอุตรดิตถ์', 'สำนักศาลยุติธรรมประจำภาค 6', NULL, NULL, NULL, NULL, NULL),
	(268, '3090602', 'ศาลเยาวชนและครอบครัวจังหวัดนครสวรรค์', 'สำนักศาลยุติธรรมประจำภาค 6', NULL, NULL, NULL, NULL, NULL),
	(269, '3090603', 'ศาลเยาวชนและครอบครัวจังหวัดอุทัยธานี', 'สำนักศาลยุติธรรมประจำภาค 6', NULL, NULL, NULL, NULL, NULL),
	(270, '3090604', 'ศาลเยาวชนและครอบครัวจังหวัดกำแพงเพชร', 'สำนักศาลยุติธรรมประจำภาค 6', NULL, NULL, NULL, NULL, NULL),
	(271, '3090605', 'ศาลเยาวชนและครอบครัวจังหวัดตาก', 'สำนักศาลยุติธรรมประจำภาค 6', NULL, NULL, NULL, NULL, NULL),
	(272, '3090606', 'ศาลเยาวชนและครอบครัวจังหวัดสุโขทัย', 'สำนักศาลยุติธรรมประจำภาค 6', NULL, NULL, NULL, NULL, NULL),
	(273, '3090607', 'ศาลเยาวชนและครอบครัวจังหวัดพิษณุโลก', 'สำนักศาลยุติธรรมประจำภาค 6', NULL, NULL, NULL, NULL, NULL),
	(274, '3090608', 'ศาลเยาวชนและครอบครัวจังหวัดพิจิตร', 'สำนักศาลยุติธรรมประจำภาค 6', NULL, NULL, NULL, NULL, NULL),
	(275, '3090609', 'ศาลเยาวชนและครอบครัวจังหวัดเพชรบูรณ์', 'สำนักศาลยุติธรรมประจำภาค 6', NULL, NULL, NULL, NULL, NULL),
	(276, '3090701', 'ศาลเยาวชนและครอบครัวจังหวัดราชบุรี', 'สำนักศาลยุติธรรมประจำภาค 7', NULL, NULL, NULL, NULL, NULL),
	(277, '3090702', 'ศาลเยาวชนและครอบครัวจังหวัดกาญจนบุรี', 'สำนักศาลยุติธรรมประจำภาค 7', NULL, NULL, NULL, NULL, NULL),
	(278, '3090703', 'ศาลเยาวชนและครอบครัวจังหวัดสุพรรณบุรี', 'สำนักศาลยุติธรรมประจำภาค 7', NULL, NULL, NULL, NULL, NULL),
	(279, '3090704', 'ศาลเยาวชนและครอบครัวจังหวัดนครปฐม', 'สำนักศาลยุติธรรมประจำภาค 7', NULL, NULL, NULL, NULL, NULL),
	(280, '3090705', 'ศาลเยาวชนและครอบครัวจังหวัดสมุทรสาคร', 'สำนักศาลยุติธรรมประจำภาค 7', NULL, NULL, NULL, NULL, NULL),
	(281, '3090706', 'ศาลเยาวชนและครอบครัวจังหวัดสมุทรสงคราม', 'สำนักศาลยุติธรรมประจำภาค 7', NULL, NULL, NULL, NULL, NULL),
	(282, '3090707', 'ศาลเยาวชนและครอบครัวจังหวัดเพชรบุรี', 'สำนักศาลยุติธรรมประจำภาค 7', NULL, NULL, NULL, NULL, NULL),
	(283, '3090708', 'ศาลเยาวชนและครอบครัวจังหวัดประจวบคีรีขันธ์', 'สำนักศาลยุติธรรมประจำภาค 7', NULL, NULL, NULL, NULL, NULL),
	(284, '3090801', 'ศาลเยาวชนและครอบครัวจังหวัดนครศรีธรรมราช', 'สำนักศาลยุติธรรมประจำภาค 8', NULL, NULL, NULL, NULL, NULL),
	(285, '3090802', 'ศาลเยาวชนและครอบครัวจังหวัดกระบี่', 'สำนักศาลยุติธรรมประจำภาค 8', NULL, NULL, NULL, NULL, NULL),
	(286, '3090803', 'ศาลเยาวชนและครอบครัวจังหวัดพังงา', 'สำนักศาลยุติธรรมประจำภาค 8', NULL, NULL, NULL, NULL, NULL),
	(287, '3090804', 'ศาลเยาวชนและครอบครัวจังหวัดภูเก็ต', 'สำนักศาลยุติธรรมประจำภาค 8', NULL, NULL, NULL, NULL, NULL),
	(288, '3090805', 'ศาลเยาวชนและครอบครัวจังหวัดสุราษฎร์ธานี', 'สำนักศาลยุติธรรมประจำภาค 8', NULL, NULL, NULL, NULL, NULL),
	(289, '3090806', 'ศาลเยาวชนและครอบครัวจังหวัดระนอง', 'สำนักศาลยุติธรรมประจำภาค 8', NULL, NULL, NULL, NULL, NULL),
	(290, '3090807', 'ศาลเยาวชนและครอบครัวจังหวัดชุมพร', 'สำนักศาลยุติธรรมประจำภาค 8', NULL, NULL, NULL, NULL, NULL),
	(291, '3090901', 'ศาลเยาวชนและครอบครัวจังหวัดสงขลา', 'สำนักศาลยุติธรรมประจำภาค 9', NULL, NULL, NULL, NULL, NULL),
	(292, '3090902', 'ศาลเยาวชนและครอบครัวจังหวัดสตูล', 'สำนักศาลยุติธรรมประจำภาค 9', NULL, NULL, NULL, NULL, NULL),
	(293, '3090903', 'ศาลเยาวชนและครอบครัวจังหวัดตรัง', 'สำนักศาลยุติธรรมประจำภาค 9', NULL, NULL, NULL, NULL, NULL),
	(294, '3090904', 'ศาลเยาวชนและครอบครัวจังหวัดพัทลุง', 'สำนักศาลยุติธรรมประจำภาค 9', NULL, NULL, NULL, NULL, NULL),
	(295, '3090905', 'ศาลเยาวชนและครอบครัวจังหวัดปัตตานี', 'สำนักศาลยุติธรรมประจำภาค 9', NULL, NULL, NULL, NULL, NULL),
	(296, '3090906', 'ศาลเยาวชนและครอบครัวจังหวัดยะลา', 'สำนักศาลยุติธรรมประจำภาค 9', NULL, NULL, NULL, NULL, NULL),
	(297, '3090907', 'ศาลเยาวชนและครอบครัวจังหวัดนราธิวาส', 'สำนักศาลยุติธรรมประจำภาค 9', NULL, NULL, NULL, NULL, NULL),
	(298, '1000001', 'สำนักประธานศาลฏีกา', 'หน่วยงานส่วนกลาง', NULL, NULL, NULL, NULL, NULL),
	(299, '2000001', 'ศาลอุทธรณ์กลาง', 'ศาลสูง', NULL, NULL, NULL, NULL, NULL),
	(300, '3080203', 'ศาลแขวงระยอง', 'สำนักศาลยุติธรรมประจำภาค 2', NULL, NULL, NULL, NULL, NULL),
	(301, '3080804', 'ศาลแขวงภูเก็ต', 'สำนักศาลยุติธรรมประจำภาค 8', NULL, NULL, NULL, NULL, NULL),
	(302, '30905011', 'ศาลเยาวชนและครอบครัวจังหวัดเชียงใหม่ (ฝาง)', 'สำนักศาลยุติธรรมประจำภาค 5', NULL, NULL, NULL, NULL, NULL),
	(303, '10000001', 'สำนักงานตำรวจแห่งชาติ', 'หน่วยงานส่วนกลาง', NULL, NULL, NULL, NULL, NULL),
	(304, '30705111', 'ศาลจังหวัดแม่ฮ่องสอน (สาขาปาย)', 'สำนักศาลยุติธรรมประจำภาค 5', NULL, NULL, NULL, NULL, NULL),
	(305, '30705112', 'ศาลจังหวัดน่าน (สาขาปัว)', 'สำนักศาลยุติธรรมประจำภาค 5', NULL, NULL, NULL, NULL, NULL),
	(306, '10000002', 'กรมสอบสวนคดีพิเศษ', 'หน่วยงานส่วนกลาง', NULL, NULL, NULL, NULL, NULL),
	(307, '30706061', 'ศาลเยาวชนและครอบครัวจังหวัดตาก (แม่สอด)', 'สำนักศาลยุติธรรมประจำภาค 6', NULL, NULL, NULL, NULL, NULL);
/*!40000 ALTER TABLE `courts` ENABLE KEYS */;

-- Dumping structure for table sec_officer.court_reports
DROP TABLE IF EXISTS `court_reports`;
CREATE TABLE IF NOT EXISTS `court_reports` (
  `id` int(10) unsigned NOT NULL AUTO_INCREMENT,
  `court_id` int(11) NOT NULL,
  `year` varchar(4) NOT NULL,
  `month` varchar(2) NOT NULL,
  `work7_day` int(11) DEFAULT NULL,
  `work6_day` int(11) DEFAULT NULL,
  `total_shuffle` int(11) DEFAULT NULL,
  `total_shuffle_except` int(11) DEFAULT NULL,
  `total_shuffle_absence` int(11) DEFAULT NULL,
  `reporter_name` varchar(255) DEFAULT NULL,
  `reporter_position` varchar(255) DEFAULT NULL,
  `inspector_name` varchar(255) DEFAULT NULL,
  `inspector_position` varchar(255) DEFAULT NULL,
  `status` varchar(10) DEFAULT 'W',
  `file_path` varchar(255) DEFAULT NULL,
  `doc_no` varchar(255) DEFAULT NULL,
  `created_uid` int(11) DEFAULT NULL,
  `created_at` timestamp NULL DEFAULT NULL,
  `updated_uid` int(11) DEFAULT NULL,
  `updated_at` timestamp NULL DEFAULT NULL,
  PRIMARY KEY (`id`),
  UNIQUE KEY `idx_1` (`court_id`,`year`,`month`)
) ENGINE=InnoDB AUTO_INCREMENT=11 DEFAULT CHARSET=utf8;

-- Dumping data for table sec_officer.court_reports: ~5 rows (approximately)
DELETE FROM `court_reports`;
/*!40000 ALTER TABLE `court_reports` DISABLE KEYS */;
INSERT INTO `court_reports` (`id`, `court_id`, `year`, `month`, `work7_day`, `work6_day`, `total_shuffle`, `total_shuffle_except`, `total_shuffle_absence`, `reporter_name`, `reporter_position`, `inspector_name`, `inspector_position`, `status`, `file_path`, `doc_no`, `created_uid`, `created_at`, `updated_uid`, `updated_at`) VALUES
	(2, 77, '2562', '07', 31, 25, 1, 0, 0, 'A', 'B', 'C', 'D', 'A', 'report_2.pdf', 'ศย.62/888', 3, '2019-08-27 23:49:33', 1, '2019-08-29 09:58:33'),
	(3, 77, '2562', '06', 30, 25, 0, 0, 0, '', '', '', '', 'S', 'report_3.pdf', '121654', 3, '2019-08-28 15:07:49', 3, '2019-08-28 15:31:54'),
	(6, 96, '2562', '07', 31, 25, 7, 3, 7, 'นายรายงาน', 'ผู้รายงาน', 'นายตรวจสอบ', 'ผู้ตรวจสอบ', 'A', 'report_6.pdf', 'ศย 011/001', 4, '2019-08-29 09:46:22', 1, '2019-08-29 09:58:36'),
	(7, 78, '2562', '07', 31, 25, 0, 0, 0, 'csfdg', 'gfdhfdh', 'fdjfdjgf', 'gfjgfj', 'A', 'report_7.pdf', '1234', 2, '2019-08-29 12:03:18', 1, '2019-08-29 12:03:45'),
	(8, 78, '2562', '06', 30, 25, 10, 3, 2, 'dgdg', 'fdhfdh', 'fdj', 'fdjgfj', 'S', 'report_8.pdf', 'ศย 1324/62', 2, '2019-08-29 14:02:46', 2, '2019-08-29 14:17:12'),
	(9, 124, '2562', '07', 31, 25, 0, 0, 0, 'AA', 'BB', 'CC', 'DD', 'A', 'report_9.pdf', 'xcxvdbd', 6, '2019-08-29 21:56:40', 1, '2019-08-29 21:58:45'),
	(10, 169, '2562', '07', 31, 25, 1, 0, 28, 'dsgds', 'gdhdsh', 'fdhfj', 'gfjgfkh', 'A', 'report_10.pdf', 'ศย.1334', 7, '2019-08-30 02:43:01', 1, '2019-08-30 02:43:32');
/*!40000 ALTER TABLE `court_reports` ENABLE KEYS */;

-- Dumping structure for table sec_officer.court_report_sec_people
DROP TABLE IF EXISTS `court_report_sec_people`;
CREATE TABLE IF NOT EXISTS `court_report_sec_people` (
  `id` int(10) unsigned NOT NULL AUTO_INCREMENT,
  `court_report_id` int(11) NOT NULL,
  `sec_person_name` varchar(255) DEFAULT NULL,
  `type` int(11) DEFAULT NULL,
  `role` int(11) DEFAULT 2,
  `day_month` int(11) DEFAULT NULL,
  `day_month_work` int(11) DEFAULT NULL,
  `shuffle` int(11) DEFAULT NULL,
  `shuffle_except` int(11) DEFAULT NULL,
  `shuffle_date_name` varchar(500) DEFAULT NULL,
  `shuffle_absence` int(11) DEFAULT NULL,
  `shuffle_absence_date` varchar(500) DEFAULT NULL,
  `h_not12` int(11) DEFAULT NULL,
  `h_not12_date_h` varchar(500) DEFAULT NULL,
  `remark` varchar(500) DEFAULT NULL,
  `created_at` timestamp NULL DEFAULT NULL,
  `updated_at` timestamp NULL DEFAULT NULL,
  PRIMARY KEY (`id`)
) ENGINE=InnoDB AUTO_INCREMENT=26 DEFAULT CHARSET=utf8;

-- Dumping data for table sec_officer.court_report_sec_people: ~16 rows (approximately)
DELETE FROM `court_report_sec_people`;
/*!40000 ALTER TABLE `court_report_sec_people` DISABLE KEYS */;
INSERT INTO `court_report_sec_people` (`id`, `court_report_id`, `sec_person_name`, `type`, `role`, `day_month`, `day_month_work`, `shuffle`, `shuffle_except`, `shuffle_date_name`, `shuffle_absence`, `shuffle_absence_date`, `h_not12`, `h_not12_date_h`, `remark`, `created_at`, `updated_at`) VALUES
	(4, 2, 'นายรักษาความปลอดภัย 1', 1, 2, 31, 30, 1, 0, '', 0, '', 0, '', '', '2019-08-27 23:49:33', '2019-08-27 23:49:33'),
	(5, 2, 'นายรักษาความปลอดภัย 2', 2, 2, 25, 25, 0, 0, '', 0, '', 0, '', '', '2019-08-27 23:49:33', '2019-08-27 23:49:33'),
	(6, 3, 'นายรักษาความปลอดภัย 1', 2, 2, 25, 25, 0, 0, '', 0, '', 0, '', '', '2019-08-28 15:07:49', '2019-08-28 15:07:49'),
	(7, 3, 'นายรักษาความปลอดภัย 2', 2, 2, 25, 25, 0, 0, '', 0, '', 0, '', '', '2019-08-28 15:07:49', '2019-08-28 15:07:49'),
	(12, 6, 'นายAAA AAA', 1, 1, 31, 31, 0, 0, '', 0, '', 0, '', '', '2019-08-29 09:46:22', '2019-08-29 09:46:22'),
	(13, 6, 'นายรปภ1', 1, 2, 31, 30, 1, 1, '', 0, '', 0, '', '', '2019-08-29 09:46:22', '2019-08-29 09:46:22'),
	(14, 6, 'นายรปภ2', 1, 2, 31, 25, 2, 0, '', 4, '', 5, '', '', '2019-08-29 09:46:22', '2019-08-29 09:46:22'),
	(15, 6, 'นายรปภ3', 1, 2, 31, 29, 0, 0, '', 2, '', 0, '', '', '2019-08-29 09:46:22', '2019-08-29 09:46:22'),
	(16, 6, 'นายรปภ4', 2, 2, 25, 25, 0, 0, '', 0, '', 0, '', '', '2019-08-29 09:46:22', '2019-08-29 09:46:22'),
	(17, 6, 'นายรปภ5', 2, 2, 25, 20, 4, 2, '', 1, '', 0, '', '', '2019-08-29 09:46:22', '2019-08-29 09:46:22'),
	(18, 7, 'นายเจ้าหน้าที่ รักษาความปลอดภัย', 1, 2, 31, 31, 0, 0, '', 0, '', 0, '', '', '2019-08-29 12:03:18', '2019-08-29 12:03:18'),
	(19, 7, 'นายเจ้าหน้าที่ รักษาความปลอดภัย2', 1, 2, 31, 31, 0, 0, '', 0, '', 0, '', '', '2019-08-29 12:03:18', '2019-08-29 12:03:18'),
	(20, 7, 'นายเจ้าหน้าที่ รักษาความปลอดภัย3', 1, 2, 31, 31, 0, 0, '', 0, '', 0, '', '', '2019-08-29 12:03:18', '2019-08-29 12:03:18'),
	(21, 8, 'นายเจ้าหน้าที่ รักษาความปลอดภัย', 1, 2, 30, 15, 5, 3, '', 2, '', 0, '', '', '2019-08-29 14:02:46', '2019-08-29 14:07:43'),
	(22, 8, 'นายเจ้าหน้าที่ รักษาความปลอดภัย2', 1, 2, 30, 31, 0, 0, '', 0, '', 0, '', '', '2019-08-29 14:02:46', '2019-08-29 14:07:43'),
	(23, 8, 'นายเจ้าหน้าที่ รักษาความปลอดภัย3', 1, 2, 30, 31, 0, 0, '', 0, '', 0, '', '', '2019-08-29 14:02:46', '2019-08-29 14:07:43'),
	(24, 9, 'นายAAA', 1, 2, 31, 31, 0, 0, '', 0, '', 0, '', '', '2019-08-29 21:56:40', '2019-08-29 21:56:40'),
	(25, 10, 'นายAAA', 1, 1, 31, 2, 1, 0, '', 28, '', 0, '', '', '2019-08-30 02:43:01', '2019-08-30 02:43:01');
/*!40000 ALTER TABLE `court_report_sec_people` ENABLE KEYS */;

-- Dumping structure for table sec_officer.posts
DROP TABLE IF EXISTS `posts`;
CREATE TABLE IF NOT EXISTS `posts` (
  `id` int(10) unsigned NOT NULL AUTO_INCREMENT,
  `name` varchar(255) DEFAULT NULL,
  `description` text DEFAULT NULL,
  `created_at` timestamp NULL DEFAULT NULL,
  `updated_at` timestamp NULL DEFAULT NULL,
  `deleted_at` timestamp NULL DEFAULT NULL,
  PRIMARY KEY (`id`)
) ENGINE=InnoDB AUTO_INCREMENT=3 DEFAULT CHARSET=utf8;

-- Dumping data for table sec_officer.posts: ~0 rows (approximately)
DELETE FROM `posts`;
/*!40000 ALTER TABLE `posts` DISABLE KEYS */;
/*!40000 ALTER TABLE `posts` ENABLE KEYS */;

-- Dumping structure for table sec_officer.roles
DROP TABLE IF EXISTS `roles`;
CREATE TABLE IF NOT EXISTS `roles` (
  `id` int(10) unsigned NOT NULL AUTO_INCREMENT,
  `name` varchar(255) NOT NULL,
  `description` varchar(255) DEFAULT NULL,
  `created_uid` int(11) DEFAULT NULL,
  `created_at` timestamp NULL DEFAULT NULL,
  `c_updated_uid` int(11) DEFAULT NULL,
  `updated_at` timestamp NULL DEFAULT NULL,
  `deleted_at` timestamp NULL DEFAULT NULL,
  PRIMARY KEY (`id`),
  UNIQUE KEY `name` (`name`)
) ENGINE=InnoDB AUTO_INCREMENT=3 DEFAULT CHARSET=utf8;

-- Dumping data for table sec_officer.roles: ~2 rows (approximately)
DELETE FROM `roles`;
/*!40000 ALTER TABLE `roles` DISABLE KEYS */;
INSERT INTO `roles` (`id`, `name`, `description`, `created_uid`, `created_at`, `c_updated_uid`, `updated_at`, `deleted_at`) VALUES
	(1, 'admin', 'แอดมิน', 1, '2019-07-09 10:08:04', 1, '2019-07-09 10:08:11', NULL),
	(2, 'staff', 'เจ้าหน้าที่ศาล', 1, '2019-07-09 10:08:05', 1, '2019-07-09 10:08:13', NULL);
/*!40000 ALTER TABLE `roles` ENABLE KEYS */;

-- Dumping structure for table sec_officer.sec_persons
DROP TABLE IF EXISTS `sec_persons`;
CREATE TABLE IF NOT EXISTS `sec_persons` (
  `id` int(10) unsigned NOT NULL AUTO_INCREMENT,
  `full_name` varchar(500) DEFAULT NULL,
  `court_id` int(11) DEFAULT NULL,
  `status` varchar(10) DEFAULT 'A',
  `created_uid` int(11) DEFAULT NULL,
  `created_at` timestamp NULL DEFAULT NULL,
  `updated_uid` int(11) DEFAULT NULL,
  `updated_at` timestamp NULL DEFAULT NULL,
  PRIMARY KEY (`id`)
) ENGINE=InnoDB AUTO_INCREMENT=16 DEFAULT CHARSET=utf8;

-- Dumping data for table sec_officer.sec_persons: ~13 rows (approximately)
DELETE FROM `sec_persons`;
/*!40000 ALTER TABLE `sec_persons` DISABLE KEYS */;
INSERT INTO `sec_persons` (`id`, `full_name`, `court_id`, `status`, `created_uid`, `created_at`, `updated_uid`, `updated_at`) VALUES
	(1, 'นายเจ้าหน้าที่ รักษาความปลอดภัย', 78, 'A', 2, '2019-08-27 13:05:50', 0, '2019-08-27 13:05:50'),
	(2, 'นายเจ้าหน้าที่ รักษาความปลอดภัย2', 78, 'A', 2, '2019-08-27 13:05:54', 0, '2019-08-27 13:05:54'),
	(3, 'นายเจ้าหน้าที่ รักษาความปลอดภัย3', 78, 'A', 2, '2019-08-27 13:05:58', 0, '2019-08-27 13:05:58'),
	(4, 'นายรักษาความปลอดภัย 1', 77, 'A', 3, '2019-08-27 13:13:07', 0, '2019-08-27 13:13:07'),
	(5, 'นายรักษาความปลอดภัย 2', 77, 'A', 3, '2019-08-27 13:13:12', 0, '2019-08-27 13:13:12'),
	(6, 'นายAAA AAA', 96, 'A', 4, '2019-08-28 17:40:40', 0, '2019-08-28 17:40:40'),
	(7, 'นายรปภ1', 96, 'A', 4, '2019-08-29 09:43:04', 0, '2019-08-29 09:43:04'),
	(8, 'นายรปภ2', 96, 'A', 4, '2019-08-29 09:43:09', 0, '2019-08-29 09:43:09'),
	(9, 'นายรปภ3', 96, 'A', 4, '2019-08-29 09:43:13', 0, '2019-08-29 09:43:13'),
	(10, 'นายรปภ4', 96, 'A', 4, '2019-08-29 09:43:17', 0, '2019-08-29 09:43:17'),
	(11, 'นายรปภ5', 96, 'A', 4, '2019-08-29 09:43:22', 0, '2019-08-29 09:43:22'),
	(12, 'นายเจ้าหน้าที่ รักษาความปลอดภัย', 77, 'A', 3, '2019-08-29 14:11:30', 0, '2019-08-29 14:11:30'),
	(13, 'นายเจ้าหน้าที่ รักษาความปลอดภัย', 77, 'A', 3, '2019-08-29 14:11:53', 0, '2019-08-29 14:11:53'),
	(14, 'นายAAA', 124, 'A', 6, '2019-08-29 21:55:08', 0, '2019-08-29 21:55:08'),
	(15, 'นายAAA', 169, 'A', 7, '2019-08-30 02:42:24', 0, '2019-08-30 02:42:24');
/*!40000 ALTER TABLE `sec_persons` ENABLE KEYS */;

-- Dumping structure for table sec_officer.tags
DROP TABLE IF EXISTS `tags`;
CREATE TABLE IF NOT EXISTS `tags` (
  `id` int(10) unsigned NOT NULL AUTO_INCREMENT,
  `post_id` int(10) unsigned DEFAULT NULL,
  `name` varchar(255) DEFAULT NULL,
  `description` text DEFAULT NULL,
  `created_at` timestamp NULL DEFAULT NULL,
  `updated_at` timestamp NULL DEFAULT NULL,
  `deleted_at` timestamp NULL DEFAULT NULL,
  PRIMARY KEY (`id`),
  KEY `idx_tags_post_id` (`post_id`)
) ENGINE=InnoDB DEFAULT CHARSET=utf8;

-- Dumping data for table sec_officer.tags: ~0 rows (approximately)
DELETE FROM `tags`;
/*!40000 ALTER TABLE `tags` DISABLE KEYS */;
/*!40000 ALTER TABLE `tags` ENABLE KEYS */;

-- Dumping structure for table sec_officer.users
DROP TABLE IF EXISTS `users`;
CREATE TABLE IF NOT EXISTS `users` (
  `id` int(10) unsigned NOT NULL AUTO_INCREMENT,
  `username` varchar(255) NOT NULL,
  `password` varchar(255) DEFAULT NULL,
  `first_name` varchar(255) DEFAULT NULL,
  `last_name` varchar(255) DEFAULT NULL,
  `role_id` int(11) DEFAULT NULL,
  `court_id` int(11) DEFAULT NULL,
  `status` varchar(10) DEFAULT 'A',
  `created_uid` int(11) DEFAULT NULL,
  `created_at` timestamp NULL DEFAULT NULL,
  `updated_uid` int(11) DEFAULT NULL,
  `updated_at` timestamp NULL DEFAULT NULL,
  `deleted_at` timestamp NULL DEFAULT NULL,
  PRIMARY KEY (`id`),
  UNIQUE KEY `username` (`username`)
) ENGINE=InnoDB AUTO_INCREMENT=8 DEFAULT CHARSET=utf8;

-- Dumping data for table sec_officer.users: ~6 rows (approximately)
DELETE FROM `users`;
/*!40000 ALTER TABLE `users` DISABLE KEYS */;
INSERT INTO `users` (`id`, `username`, `password`, `first_name`, `last_name`, `role_id`, `court_id`, `status`, `created_uid`, `created_at`, `updated_uid`, `updated_at`, `deleted_at`) VALUES
	(1, 'admin', '$2a$12$2FGcjZvRdh/MHOZKl6CBq.HbFGpqm3w2qMpMlJBL1TX7m1c28GMdu', 'aaaa', 'aaaa', 1, 11, 'A', 0, '2019-07-11 11:12:25', 1, '2019-08-30 02:40:26', NULL),
	(2, 'user1', '$2a$12$/OQx7iFJGHTbUHDaJ18yW.k75KnFQPV9YE/7Z9RGyjraphdtTeFwW', 'user1', 'user1', 2, 78, 'A', 1, '2019-08-27 13:04:45', 1, '2019-08-28 19:04:18', NULL),
	(3, 'user2', '$2a$12$3Q/7D69npabrLf69reArNOAFaWQY0PIWy1VoYCms8cgX9aXGYfRmi', 'user2', 'user2', 2, 77, 'A', 1, '2019-08-27 13:05:30', 0, '2019-08-27 13:05:30', NULL),
	(4, 'user3', '$2a$12$/lHkFIZ/YEK8ScBkG.DRN.ACCyQU8WlvA0cc/ZCuwX4C1R1TCVlfy', 'CCC', 'CCC', 2, 96, 'A', 1, '2019-08-28 14:43:04', 0, '2019-08-28 14:43:04', NULL),
	(5, 'admin2', '$2a$12$2uaxHDzzi6c8oPAWkUQHreMnQxN7iFrDAoNUDUq7wOgkOB5/KG.UC', 'admin2', 'admin', 1, 11, 'A', 1, '2019-08-28 18:27:12', 0, '2019-08-28 18:27:12', NULL),
	(6, 'user4', '$2a$12$AfQt9rQRO4ANwEEv70XNfOv.7olfaS.jRt/PK2WekoxdLA7/g9xYe', 'AAAA', 'BBBB', 2, 124, 'A', 1, '2019-08-29 21:53:09', 1, '2019-08-29 21:54:39', NULL),
	(7, 'user5', '$2a$12$foMBKNxaEsDd2Pdr2fUIPu2GfuvhRgnVIbGQIBTRuFBU0jHnYDr0e', 'XXXX', 'VVVV', 2, 169, 'A', 1, '2019-08-30 02:42:05', 0, '2019-08-30 02:42:05', NULL);
/*!40000 ALTER TABLE `users` ENABLE KEYS */;

/*!40101 SET SQL_MODE=IFNULL(@OLD_SQL_MODE, '') */;
/*!40014 SET FOREIGN_KEY_CHECKS=IF(@OLD_FOREIGN_KEY_CHECKS IS NULL, 1, @OLD_FOREIGN_KEY_CHECKS) */;
/*!40101 SET CHARACTER_SET_CLIENT=@OLD_CHARACTER_SET_CLIENT */;
